datetime,open,high,low,close,volume,count
2026-09-17 14:30:00+00:00,333.47,333.85,333.01,333.13,983988.11082,11131
2026-09-17 14:35:00+00:00,333.105,333.22,332.52,332.66,370049.909994,11358
2026-09-17 14:40:00+00:00,332.65,332.87,332.5001,332.65,205004.840951,9943
2026-09-17 14:45:00+00:00,332.66,332.7484,332.2,332.5,186232.973712,9546
2026-09-17 14:50:00+00:00,332.5,332.7,332.28,332.53,255660.48377,10037
2026-09-17 14:55:00+00:00,332.53,332.96,332.41,332.78,192431.417394,10003
2026-09-17 15:00:00+00:00,332.8,333.1299,332.63,332.805,164851.028734,9578
2026-09-17 15:05:00+00:00,332.81,332.87,332.16,332.34,215007.305434,10179
2026-09-17 15:10:00+00:00,332.3499,332.36,332.02,332.055,164699.296441,8710
2026-09-17 15:15:00+00:00,332.04,332.49,332.01,332.46,150367.862016,8885
2026-09-17 15:20:00+00:00,332.445,332.77,332.395,332.69,204913.158106,10256
2026-09-17 15:25:00+00:00,332.69,333.19,332.66,333.14,211181.038525,9853
2026-09-17 15:30:00+00:00,333.14,333.285,332.85,333.2799,199822.384435,9055
2026-09-17 15:35:00+00:00,333.29,333.62,333.11,333.49,259118.122921,9997
2026-09-17 15:40:00+00:00,333.5199,333.75,333.25,333.47,197504.720828,9013
2026-09-17 15:45:00+00:00,333.505,334.2,333.44,334.12,274380.337998,9902
2026-09-17 15:50:00+00:00,334.1601,334.93,334.08,334.82,395982.774692,10406
2026-09-17 15:55:00+00:00,334.8323,334.91,334.445,334.89,287518.761296,10861
2026-09-17 16:00:00+00:00,334.9,335.75,334.84,335.63,657633.449034,16152
2026-09-17 16:05:00+00:00,335.6365,335.72,335.38,335.61,305423.780278,10729
2026-09-17 16:10:00+00:00,335.625,335.79,335.5,335.78,215270.224354,7627
2026-09-17 16:15:00+00:00,335.775,335.93,335.55,335.835,272796.32003,6471
2026-09-17 16:20:00+00:00,335.835,336.32,335.7401,336.1,374256.279183,8422
2026-09-17 16:25:00+00:00,336.1,336.4,335.9101,336.09,325740.468028,7079
2026-09-17 16:30:00+00:00,336.05,336.2,335.7,335.85,242230.943953,5812
2026-09-17 16:35:00+00:00,335.86,335.97,335.6601,335.745,135508.775134,4253
2026-09-17 16:40:00+00:00,335.72,335.89,335.66,335.86,135385.546766,4031
2026-09-17 16:45:00+00:00,335.87,335.93,335.26,335.44,185377.429224,5274
2026-09-17 16:50:00+00:00,335.44,335.67,335.4303,335.63,153246.152742,4347
2026-09-17 16:55:00+00:00,335.62,336.12,335.35,336.11,224245.155846,6133
2026-09-17 17:00:00+00:00,336.1,336.47,336.0201,336.3799,288551.762916,5693
2026-09-17 17:05:00+00:00,336.36,336.47,335.6496,335.68,197402.489499,4665
2026-09-17 17:10:00+00:00,335.6818,335.795,335.45,335.5373,138271.054264,3920
2026-09-17 17:15:00+00:00,335.55,335.87,335.53,335.77,152443.850185,3893
2026-09-17 17:20:00+00:00,335.79,335.82,335.361,335.395,104152.70952,3174
2026-09-17 17:25:00+00:00,335.395,335.5,335.28,335.45,116847.795791,3500
2026-09-17 17:30:00+00:00,335.44,335.76,335.4,335.75,152022.524129,3950
2026-09-17 17:35:00+00:00,335.745,335.89,335.58,335.85,144901.085891,3891
2026-09-17 17:40:00+00:00,335.87,335.95,335.66,335.865,109595.368746,3289
2026-09-17 17:45:00+00:00,335.86,336.19,335.84,336.08,175058.200946,4112
2026-09-17 17:50:00+00:00,336.07,336.08,335.7201,335.81,154586.959023,5443
2026-09-17 17:55:00+00:00,335.81,336.025,335.75,335.9301,192796.352525,4088
2026-09-17 18:00:00+00:00,335.96,336.0932,335.83,336.055,136541.264021,3967
2026-09-17 18:05:00+00:00,336.06,336.06,335.665,335.705,148446.856981,4300
2026-09-17 18:10:00+00:00,335.68,335.85,335.66,335.79,123048.478558,4100
2026-09-17 18:15:00+00:00,335.795,335.89,335.4701,335.63,123391.607856,4159
2026-09-17 18:20:00+00:00,335.64,335.655,335.46,335.49,122137.753248,4006
2026-09-17 18:25:00+00:00,335.5,335.88,335.47,335.7999,113044.000927,3849
2026-09-17 18:30:00+00:00,335.8,336.065,335.7201,335.79,157405.511144,4373
2026-09-17 18:35:00+00:00,335.7792,335.88,335.65,335.78,109594.4574,3913
2026-09-17 18:40:00+00:00,335.77,336.4,335.72,336.3,353231.863625,6926
2026-09-17 18:45:00+00:00,336.31,336.3198,336.06,336.215,174337.950375,4605
2026-09-17 18:50:00+00:00,336.215,336.41,336.12,336.1699,199466.62663,4822
2026-09-17 18:55:00+00:00,336.155,336.2699,336.1,336.2331,133876.738785,4023
2026-09-17 19:00:00+00:00,336.25,336.87,336.23,336.835,354154.473739,6924
2026-09-17 19:05:00+00:00,336.835,337.14,336.8,337.0,940828.885884,8633
2026-09-17 19:10:00+00:00,337.0,337.47,336.9501,337.26,437665.942946,8568
2026-09-17 19:15:00+00:00,337.25,337.31,336.9612,337.2,305251.586793,6740
2026-09-17 19:20:00+00:00,337.21,337.25,336.9104,336.95,236751.426817,5884
2026-09-17 19:25:00+00:00,336.955,337.22,336.77,337.005,322787.773161,6776
2026-09-17 19:30:00+00:00,337.005,337.42,336.975,337.29,390733.298835,8004
2026-09-17 19:35:00+00:00,337.295,338.34,337.21,337.4767,794969.780945,14340
2026-09-17 19:40:00+00:00,337.47,337.57,337.26,337.415,236387.632828,5600
2026-09-17 19:45:00+00:00,337.41,337.6799,337.32,337.465,356876.453501,7239
2026-09-17 19:50:00+00:00,337.48,338.08,337.2,337.455,869689.233571,17579
2026-09-17 19:55:00+00:00,337.455,337.46,336.83,337.09,1599159.641788,33107
2026-09-17 20:00:00+00:00,337.06,337.07,336.8,336.94,10199268.629775,508
2026-09-17 20:05:00+00:00,336.88,337.1,336.88,337.1,52804.186539,194
2026-09-17 20:10:00+00:00,337.07,337.17,336.85,336.88,43743.668827,252
2026-09-17 20:15:00+00:00,336.88,336.9375,336.85,336.9,1328.745892,75
2026-09-17 20:20:00+00:00,336.9351,337.0,336.9155,336.9854,985.130633,59
2026-09-17 20:25:00+00:00,336.9,336.9356,336.81,336.81,2556.789153,106
2026-09-17 20:30:00+00:00,336.7856,336.85,336.7536,336.7655,2792.294622,100
2026-09-17 20:35:00+00:00,336.75,337.0,336.66,336.8224,4997.258014,144
2026-09-17 20:40:00+00:00,336.79,336.85,336.75,336.8,4463.196296,74
2026-09-17 20:45:00+00:00,336.8037,336.85,336.8,336.8,1128.03122,42
2026-09-17 20:50:00+00:00,336.84,337.0,336.8,337.0,21631.810453,52
2026-09-17 20:55:00+00:00,336.82,336.82,336.72,336.72,2257.001552,95
2026-09-17 21:00:00+00:00,336.72,336.76,336.72,336.72,814.711946,56
